ID,Jahr,Betriebsteile,Vollbeschaeftigte,Lohnsumme_Mio,Anerkannte_Faelle,Faelle_Taggeld,Schwere_Unfaelle,Schwerste_Unfaelle,Invalidenrenten_UE,Invalidenrenten_80_UE,Todesfaelle_UE,Berufskrankheiten_BK,Invalidenrenten_BK,Todesfaelle_BK,Entschaedigte_Tage
1,2012,15’937,22’194,986.8,3’241,1’375,159,33,2,0,2,24,0,0,61’318
1,2013,16’381,22’264,1’024.40,3’218,1’427,135,19,3,0,1,19,0,0,60’674
1,2014,16’438,22’778,1’049.40,3’132,1’317,163,31,4,2,4,12,1,0,62’669
1,2015,16’694,22’802,1’058.10,3’209,1’367,167,28,5,3,4,13,0,0,62’446
1,2016,16’574,23’426,1’078.70,3’118,1’434,168,29,5,2,3,8,0,0,67’011
1,2017,16’748,23’028,1’084.30,3’192,1’421,162,22,4,0,0,14,0,1,65’775
1,2018,16’791,25’027,1’115.80,3’209,1’504,194,26,2,0,1,25,0,0,70’676
1,2019,16’888,25’976,1’160.50,3’287,1’525,166,23,3,0,2,12,0,0,65’113
1,2020,16’824,27’103,1’201.50,3’062,1’486,178,31,3,1,0,16,0,0,72’486
1,2021,16’835,27’347,1’251.70,3’021,1’421,198,21,2,0,0,26,0,0,68’243
2,2012,1’428,4’621,315,1’111,436,47,11,4,0,4,9,0,0,20’338
2,2013,1’378,4’441,312.5,1’158,518,62,6,4,0,1,10,0,0,23’990
2,2014,1’370,4’746,315.9,1’177,484,63,17,3,0,1,8,0,0,23’930
2,2015,1’364,4’996,320.7,1’098,453,58,10,4,0,1,6,0,0,24’540
2,2016,1’360,4’767,324.8,1’099,472,59,7,3,1,1,23,0,0,24’338
2,2017,1’349,4’876,333.9,1’146,504,65,7,4,0,1,18,0,0,24’305
2,2018,1’364,5’350,345.2,1’221,515,55,13,7,2,3,17,0,0,22’377
2,2019,1’372,5’382,353.3,1’202,542,63,11,2,0,3,27,0,0,22’498
2,2020,1’373,5’494,362.8,1’201,527,56,14,2,0,3,19,0,0,23’803
2,2021,1’387,5’712,369.4,1’198,517,72,12,2,0,3,23,0,0,24’471
3,2012,103,287,13.8,22,7,0,0,0,0,0,0,0,0,111
3,2013,95,274,13.7,21,8,0,0,0,0,0,0,0,0,111
3,2014,93,295,14.6,28,8,1,0,0,0,0,1,0,0,654
3,2015,85,322,16.3,27,16,1,0,0,0,0,1,0,0,460
3,2016,92,357,18.4,25,7,1,0,0,0,0,0,0,0,348
3,2017,91,367,19.2,24,13,1,0,0,0,0,0,0,0,283
3,2018,98,414,20.8,28,5,0,0,0,0,0,0,0,0,215
3,2019,95,408,21,30,15,2,0,0,0,0,0,0,0,482
3,2020,96,425,21.4,29,11,2,0,0,0,0,0,0,0,502
3,2021,92,439,22.6,24,13,3,0,0,0,0,0,0,0,667
8,2012,251,4’427,335.5,628,284,25,8,4,0,1,13,0,0,13’603
8,2013,256,4’548,341.6,578,274,33,7,4,0,0,15,2,1,14’373
8,2014,255,4’500,342.8,554,256,38,7,4,0,1,7,1,0,15’440
8,2015,253,4’416,337.1,618,269,38,14,7,0,2,30,1,0,16’259
8,2016,252,4’449,341.6,516,232,36,12,6,1,3,20,1,1,13’949
8,2017,250,4’366,340.9,564,239,32,6,8,0,1,20,1,2,11’034
8,2018,247,4’334,338.8,501,228,25,3,1,0,0,12,0,3,11’657
8,2019,250,4’316,338.2,475,243,24,7,1,0,1,14,1,2,10’463
8,2020,250,4’243,332.6,466,218,28,5,2,0,0,15,1,1,9’879
8,2021,240,4’242,329.3,474,250,15,3,3,1,0,19,0,0,9’733
9,2012,5,108,8.2,5,5,0,0,1,0,0,0,0,0,292
9,2013,8,106,8.6,2,1,0,0,0,0,0,0,0,0,6
9,2014,8,107,9,10,6,1,0,0,0,0,0,0,0,374
9,2015,8,107,9.2,11,7,0,1,0,0,0,0,0,0,436
9,2016,8,97,8.7,4,3,1,0,0,0,0,0,0,0,508
9,2017,8,98,7.6,4,3,0,0,0,0,0,1,0,0,58
9,2018,8,121,9.6,5,5,0,0,0,0,0,0,0,0,86
9,2019,7,121,9.4,6,2,1,0,1,0,0,0,0,0,298
9,2020,7,125,9.9,4,1,0,0,0,0,0,0,0,0,32
9,2021,7,135,10.4,7,4,0,0,0,0,0,0,0,0,98
10,2012,2’610,64’725,4’020.90,4’931,2’545,213,50,12,1,1,89,5,0,100’906
10,2013,2’730,66’618,4’140.70,4’999,2’602,201,43,18,1,1,63,1,2,97’275
10,2014,2’880,68’554,4’266.60,5’178,2’773,199,34,14,2,0,73,1,0,100’467
10,2015,2’985,69’055,4’365.00,4’986,2’577,226,37,10,0,1,61,0,0,101’794
10,2016,3’083,72’843,4’572.20,5’049,2’683,208,42,13,2,2,81,1,0,101’385
10,2017,3’241,73’646,4’671.50,5’342,2’756,226,35,11,0,0,99,1,3,108’354
10,2018,3’338,74’123,4’737.40,5’186,2’780,228,44,14,1,0,79,3,0,105’816
10,2019,3’378,73’614,4’757.70,5’357,2’887,268,38,10,0,0,76,1,0,114’312
10,2020,3’383,73’736,4’767.70,4’768,2’704,248,43,10,0,2,81,0,0,111’114
10,2021,3’459,73’573,4’787.90,4’888,2’725,240,48,9,0,0,70,2,1,110’677
11,2012,346,6’331,431.2,468,206,28,4,5,0,0,2,0,1,9’043
11,2013,359,6’289,437.5,430,182,14,8,2,1,0,5,0,0,8’841
11,2014,381,6’623,454.4,455,204,28,4,0,0,1,3,0,0,10’194
11,2015,407,7’312,492.5,525,217,18,5,2,0,0,6,0,0,9’840
11,2016,422,7’505,494,487,198,12,2,0,0,0,1,0,1,7’417
11,2017,450,7’105,486.5,445,181,29,1,1,0,0,4,0,0,7’539
11,2018,480,7’003,491.6,449,191,26,7,2,0,0,6,0,0,9’669
11,2019,499,6’994,501.1,471,215,22,4,0,0,0,1,0,0,8’955
11,2020,528,7’021,492.9,396,158,24,5,1,0,0,4,0,0,10’114
11,2021,561,6’575,477.9,350,170,13,4,0,0,0,4,0,0,8’082
12,2012,12,3’188,221.2,69,22,6,1,1,0,0,2,0,0,2’302
12,2013,11,2’744,219,47,22,3,2,0,0,1,1,0,0,2’037
12,2014,12,2’998,213.5,33,11,3,1,0,0,0,2,0,0,1’432
12,2015,16,4’383,349.4,53,12,2,0,0,0,0,2,0,0,1’384
12,2016,15,4’805,394.9,47,22,5,1,0,0,0,1,0,0,1’788
12,2017,17,5’325,378.6,51,19,7,0,0,0,0,1,0,0,2’499
12,2018,17,6’183,442.1,52,16,4,1,0,0,0,2,0,1,1’556
12,2019,19,5’110,452.9,61,21,4,3,0,0,0,1,0,0,2’712
12,2020,18,7’023,523.1,31,12,0,0,2,0,0,3,0,0,1’003
12,2021,18,5’418,490.3,30,8,2,0,1,0,0,1,0,0,789
13,2012,492,7’212,453.6,443,197,15,1,1,0,0,18,0,0,6’944
13,2013,487,6’817,441.6,355,155,17,7,2,0,0,11,1,0,7’400
13,2014,476,6’987,439.5,380,161,16,2,1,0,0,13,2,1,6’504
13,2015,487,6’735,426.7,352,163,17,4,0,0,0,16,0,0,7’390
13,2016,495,6’636,417.8,346,146,17,3,1,0,0,20,0,1,6’747
13,2017,482,6’539,422.7,332,159,14,2,1,0,0,21,0,2,5’737
13,2018,475,6’269,422.4,346,148,22,1,2,0,0,16,1,0,6’598
13,2019,472,6’173,416.4,305,141,17,5,0,0,0,12,0,1,7’250
13,2020,465,6’416,418,286,134,19,3,1,0,0,3,0,1,7’558
13,2021,466,6’198,398.6,280,130,11,4,2,1,0,3,0,0,6’654
14,2012,581,4’049,203.6,109,51,5,1,0,0,0,0,0,0,2’713
14,2013,594,4’398,205.3,85,47,9,1,2,0,0,1,0,0,1’980
14,2014,611,4’287,215.8,132,63,4,0,0,0,0,0,0,0,1’695
14,2015,612,4’340,212.6,125,63,9,1,0,0,0,0,0,0,2’794
14,2016,633,3’968,207.5,86,40,0,1,1,0,0,1,0,0,1’210
14,2017,638,3’814,196.1,86,49,2,0,1,0,0,1,0,0,1’210
14,2018,627,3’589,192.3,108,48,4,0,0,0,0,0,0,0,1’791
14,2019,636,3’719,194.9,110,58,4,0,0,0,0,0,0,0,1’726
14,2020,627,4’434,251.2,94,42,3,1,0,0,0,0,0,0,1’532
14,2021,616,5’259,250.6,93,38,4,0,0,0,0,0,0,0,1’369
15,2012,166,1’279,87.7,59,30,5,0,0,0,0,2,0,0,1’984
15,2013,167,1’223,85.3,64,27,2,2,0,0,0,3,0,0,1’535
15,2014,170,1’305,92,75,31,3,2,0,0,0,4,0,0,2’416
15,2015,175,1’320,93.3,64,27,2,1,0,0,0,3,4,0,4’226
15,2016,176,1’314,94.2,67,25,0,0,0,0,0,0,1,0,1’189
15,2017,168,1’367,98.4,70,24,2,0,0,0,0,1,1,0,1’120
15,2018,168,1’473,107.2,73,27,0,1,0,0,0,1,0,0,1’106
15,2019,170,1’501,110.8,89,38,4,0,0,0,0,2,0,0,1’778
15,2020,176,1’620,120.7,83,30,2,0,0,0,0,2,0,0,1’362
15,2021,178,1’883,139.7,54,31,3,0,0,0,0,3,0,0,1’735
16,2012,4’891,34’292,2’119.20,5’991,2’343,181,45,21,0,2,100,0,8,95’907
16,2013,4’856,34’065,2’142.00,5’651,2’294,207,52,20,3,4,108,3,23,99’015
16,2014,4’893,34’737,2’179.50,5’672,2’322,200,54,26,0,3,111,3,21,105’175
16,2015,4’888,34’796,2’179.80,5’582,2’231,225,38,19,1,4,103,0,13,100’859
16,2016,4’874,35’296,2’211.20,5’247,2’198,210,52,22,4,1,150,3,25,101’951
16,2017,4’898,35’010,2’234.40,5’365,2’246,228,46,20,0,3,187,1,11,102’911
16,2018,4’930,35’773,2’260.30,5’498,2’309,198,38,18,0,1,173,3,21,98’880
16,2019,4’930,35’585,2’287.00,5’229,2’313,227,41,14,0,2,178,4,15,99’032
16,2020,4’929,35’634,2’301.70,4’816,2’174,213,47,17,0,0,210,2,26,97’984
16,2021,4’940,36’717,2’361.80,5’046,2’203,207,35,10,0,1,198,3,28,94’905
17,2012,188,10’042,684.3,709,345,41,7,5,0,0,8,0,0,17’524
17,2013,187,9’524,655.7,568,276,26,8,5,0,0,14,0,0,14’713
17,2014,188,9’255,640.9,517,251,26,5,9,2,0,15,1,0,13’273
17,2015,183,9’171,621.4,588,306,36,2,3,1,0,14,0,0,12’370
17,2016,178,8’754,603.7,533,279,39,11,2,0,0,13,0,0,14’868
17,2017,180,8’546,591.1,519,276,23,9,5,0,0,12,0,0,12’724
17,2018,172,8’449,583.6,506,294,22,9,3,0,0,13,0,1,14’866
17,2019,171,7’918,561.6,498,272,28,5,2,0,0,7,0,0,12’319
17,2020,170,7’738,535.7,453,242,24,7,1,0,0,5,2,0,12’459
17,2021,169,7’511,509.7,414,242,25,1,2,1,0,6,0,0,10’983
18,2012,1’920,20’942,1’433.60,829,339,25,10,6,0,2,16,1,0,14’391
18,2013,1’886,19’595,1’346.10,767,322,26,4,1,0,0,13,0,0,13’087
18,2014,1’824,18’271,1’288.80,765,305,25,5,5,0,0,26,1,0,13’466
18,2015,1’768,18’078,1’224.30,747,315,24,6,3,0,0,20,0,1,13’505
18,2016,1’725,17’396,1’207.10,747,321,22,4,1,0,0,13,1,0,13’378
18,2017,1’647,16’604,1’157.40,674,280,28,4,2,0,0,36,0,2,12’212
18,2018,1’567,16’172,1’114.30,653,269,25,4,0,0,0,28,1,0,11’665
18,2019,1’509,14’752,1’033.40,590,248,18,6,5,0,0,26,0,0,11’307
18,2020,1’466,13’209,966.4,470,213,21,2,1,0,0,34,0,1,7’163
18,2021,1’406,13’154,933.3,540,221,21,3,2,0,0,46,0,2,8’388
19,2012,13,678,50,13,3,0,0,0,0,0,0,0,0,154
19,2013,12,909,64.1,24,8,0,0,0,0,0,0,0,0,94
19,2014,12,924,65.8,30,15,1,0,0,0,0,0,0,0,389
19,2015,10,974,69.5,18,10,2,0,0,0,0,0,0,0,276
19,2016,9,915,66.3,25,8,1,0,0,0,0,0,0,0,368
19,2017,9,940,68.4,29,11,0,0,0,0,0,0,0,0,295
19,2018,8,938,68.3,18,8,1,0,0,0,0,0,0,0,503
19,2019,8,926,68.3,31,11,1,0,0,0,0,0,0,0,606
19,2020,8,909,67.7,19,5,1,0,0,0,0,0,0,0,252
19,2021,8,918,68.1,36,12,1,0,0,0,0,0,0,0,401
20,2012,650,30’900,2’578.70,1’235,479,44,12,5,0,3,55,5,1,24’189
20,2013,658,28’949,2’518.20,1’172,439,47,14,6,0,1,65,3,2,22’264
20,2014,665,27’737,2’451.80,1’082,406,46,14,12,2,3,53,0,1,20’162
20,2015,655,27’517,2’404.20,1’012,385,38,6,5,0,0,34,2,1,17’920
20,2016,666,30’195,2’528.30,992,373,27,12,9,1,2,27,0,0,16’598
20,2017,662,29’755,2’554.50,972,359,34,7,0,0,0,31,2,0,13’368
20,2018,673,30’301,2’550.90,981,396,36,5,3,0,0,25,0,3,18’246
20,2019,699,30’498,2’584.40,917,383,37,6,5,1,0,16,0,0,17’444
20,2020,710,30’335,2’551.30,837,374,43,13,5,0,4,13,2,0,16’448
20,2021,732,30’177,2’615.10,942,393,41,12,1,0,1,17,0,0,18’111
21,2012,241,44’403,4’162.20,1’136,321,26,4,1,0,0,30,1,3,12’384
21,2013,248,43’674,4’234.70,1’175,283,22,8,1,0,0,29,1,1,11’845
21,2014,246,45’083,4’437.60,1’120,271,14,3,4,0,1,20,0,0,9’236
21,2015,244,44’452,4’506.10,1’174,265,25,2,3,0,0,27,1,1,9’440
21,2016,243,44’998,4’851.40,1’285,314,24,4,0,0,0,26,0,1,11’517
21,2017,251,46’158,4’873.20,1’186,308,19,3,0,0,0,30,2,0,10’231
21,2018,273,47’684,5’110.60,1’116,260,20,7,0,0,0,22,3,2,10’672
21,2019,298,47’682,5’233.70,1’051,295,20,0,0,0,0,25,0,1,9’118
21,2020,322,48’266,5’441.30,937,271,23,2,2,1,0,38,0,1,11’019
21,2021,347,49’667,5’489.00,952,275,25,2,2,0,0,35,1,3,10’013
22,2012,726,25’216,1’693.90,1’999,930,83,20,5,0,0,41,1,0,39’851
22,2013,714,24’280,1’639.20,1’947,915,68,7,14,0,0,32,0,0,35’675
22,2014,717,24’201,1’650.70,1’815,873,73,21,11,0,0,20,2,0,37’526
22,2015,709,24’249,1’627.60,1’772,823,75,24,7,1,0,17,1,0,37’948
22,2016,699,23’725,1’601.50,1’553,717,75,18,10,0,1,30,0,1,34’645
22,2017,711,23’292,1’579.50,1’677,859,79,15,11,0,0,15,0,0,38’415
22,2018,708,23’576,1’597.60,1’657,843,73,17,8,0,0,9,0,2,33’864
22,2019,692,23’428,1’612.90,1’626,829,70,14,9,0,0,16,1,1,33’870
22,2020,688,22’750,1’591.60,1’385,716,82,11,2,0,0,21,0,0,32’283
22,2021,683,22’870,1’601.80,1’397,698,79,10,3,0,0,20,0,0,31’316
23,2012,974,18’945,1’333.00,1’975,901,75,15,11,1,0,33,1,10,39’159
23,2013,953,18’165,1’302.50,1’946,904,103,32,9,0,3,49,1,13,47’396
23,2014,948,17’952,1’306.10,1’766,872,86,19,14,0,1,51,0,2,43’326
23,2015,931,18’494,1’315.70,1’778,846,102,23,12,1,1,34,3,6,42’538
23,2016,924,18’001,1’306.40,1’651,821,103,22,7,0,3,46,2,2,44’313
23,2017,905,17’984,1’292.10,1’644,777,106,30,19,2,0,44,2,5,41’958
23,2018,881,17’601,1’299.50,1’745,895,102,19,9,2,0,42,0,6,41’909
23,2019,868,17’436,1’293.40,1’596,841,90,24,5,0,0,51,0,10,40’653
23,2020,854,17’201,1’290.20,1’510,825,83,18,6,0,1,40,0,6,39’882
23,2021,838,17’649,1’323.90,1’593,880,94,13,5,3,0,40,1,4,41’745
24,2012,258,13’885,961.7,1’544,701,62,16,8,0,0,38,1,2,31’038
24,2013,253,13’753,948.4,1’417,652,59,15,8,2,2,37,0,2,30’217
24,2014,252,13’882,960,1’416,681,52,13,10,0,0,39,1,3,27’168
24,2015,249,13’690,949.3,1’399,649,57,13,7,1,2,34,1,2,25’141
24,2016,246,13’062,923.1,1’179,580,54,13,3,0,0,38,2,1,24’245
24,2017,243,12’921,926.2,1’239,611,53,13,9,0,0,46,2,3,25’631
24,2018,239,13’564,959.5,1’236,610,63,15,5,0,0,41,0,1,26’539
24,2019,227,13’233,951.7,1’184,653,66,9,4,0,0,40,1,1,27’441
24,2020,225,12’802,931.6,964,511,58,16,2,0,1,36,1,3,26’228
24,2021,224,12’908,926.5,1’022,532,53,12,2,0,0,33,0,1,26’236
25,2012,6’031,82’453,5’494.50,10’962,3’775,349,75,31,1,2,156,2,10,160’375
25,2013,6’089,81’991,5’533.10,10’590,3’796,293,79,38,0,2,160,1,12,164’820
25,2014,6’066,81’866,5’584.40,10’329,3’591,291,75,38,1,4,173,4,13,151’753
25,2015,6’040,80’710,5’508.70,9’738,3’399,329,78,39,3,4,136,3,10,151’053
25,2016,5’991,80’789,5’501.60,9’327,3’400,350,84,27,2,3,230,2,12,158’153
25,2017,5’962,80’554,5’529.40,9’186,3’442,296,72,37,3,2,293,3,15,161’690
25,2018,5’929,83’955,5’754.90,9’583,3’700,332,68,47,5,1,290,4,24,164’979
25,2019,5’945,85’189,5’900.40,9’323,3’572,314,74,28,2,0,308,2,21,153’428
25,2020,5’925,80’936,5’780.10,8’155,3’302,322,57,18,1,2,296,2,22,145’651
25,2021,5’894,81’276,5’777.50,8’447,3’421,335,51,13,2,0,312,6,20,149’163
26,2012,2’046,116’618,8’499.50,2’871,1’100,81,14,8,0,0,51,2,2,37’426
26,2013,2’027,115’064,8’433.70,2’791,1’069,62,19,4,1,1,69,3,0,37’179
26,2014,2’010,114’679,8’607.50,2’677,1’004,64,12,5,0,0,60,1,7,34’755
26,2015,1’981,112’505,8’564.10,2’608,1’019,79,18,4,0,0,56,1,3,39’288
26,2016,1’939,109’001,8’607.80,2’426,966,72,19,0,0,0,49,0,2,36’294
26,2017,1’875,106’252,8’488.40,2’400,927,55,14,5,0,0,65,3,1,37’039
26,2018,1’906,110’737,8’865.40,2’570,1’059,72,13,4,0,0,53,3,4,38’828
26,2019,1’901,112’719,9’134.30,2’558,1’038,77,9,6,0,0,50,4,3,35’091
26,2020,1’904,111’408,9’134.50,1’860,801,68,16,4,0,0,39,2,3,29’796
26,2021,1’899,112’657,9’310.70,2’189,851,59,6,3,0,0,46,0,3,28’880
27,2012,758,34’077,2’573.00,1’390,623,52,14,5,0,1,32,2,0,24’525
27,2013,760,33’541,2’605.30,1’261,540,46,10,4,0,0,30,1,3,22’456
27,2014,764,31’907,2’604.30,1’271,523,44,11,4,0,0,24,0,0,20’062
27,2015,767,32’026,2’543.40,1’237,511,46,9,6,0,0,19,0,0,19’991
27,2016,764,31’652,2’514.30,1’132,459,42,7,6,0,1,24,2,0,18’721
27,2017,785,31’197,2’473.60,1’142,476,39,6,3,0,0,15,1,0,18’524
27,2018,788,31’554,2’493.50,1’108,481,42,15,7,0,1,14,0,1,17’681
27,2019,785,31’679,2’501.30,1’165,495,33,6,6,0,0,13,1,1,15’864
27,2020,777,30’157,2’399.20,1’029,461,43,6,0,0,1,11,0,2,17’632
27,2021,804,29’344,2’250.00,1’072,477,49,6,1,0,0,13,0,2,19’045
28,2012,2’069,86’515,6’416.70,5’213,1’863,147,32,15,0,1,96,2,1,71’734
28,2013,2’044,83’979,6’339.50,4’854,1’747,152,29,18,0,1,88,1,2,65’724
28,2014,2’009,83’227,6’344.20,4’709,1’712,143,23,23,0,2,86,3,0,61’865
28,2015,1’978,82’256,6’240.20,4’434,1’620,145,24,9,0,2,56,2,1,60’456
28,2016,1’942,81’517,6’267.90,4’404,1’730,124,26,10,1,4,56,1,3,60’484
28,2017,1’914,82’056,6’354.90,4’234,1’611,126,33,11,0,0,73,1,2,59’864
28,2018,1’910,83’105,6’494.80,4’220,1’658,117,26,19,0,1,53,1,0,57’118
28,2019,1’903,83’229,6’625.90,4’222,1’733,137,15,12,0,3,50,2,2,56’176
28,2020,1’897,81’540,6’547.80,3’451,1’423,124,19,9,0,0,43,1,2,53’980
28,2021,1’865,81’334,6’476.00,3’621,1’377,106,26,5,0,2,32,3,2,50’157
29,2012,183,4’721,316.4,581,217,12,2,1,0,0,10,0,0,7’532
29,2013,193,4’685,310.8,568,202,10,1,3,1,0,5,1,0,7’021
29,2014,188,4’778,311.8,609,233,10,2,1,0,0,5,0,0,5’876
29,2015,188,4’595,308.4,571,233,19,2,1,0,0,8,0,0,7’575
29,2016,187,4’593,311.2,476,186,12,4,0,0,0,8,0,0,6’192
29,2017,192,4’805,312.9,487,190,15,1,1,0,0,3,0,0,6’812
29,2018,196,4’651,326.3,489,188,10,2,1,0,0,6,1,0,7’099
29,2019,196,5’061,335,456,191,17,3,0,0,0,1,1,0,7’789
29,2020,196,4’807,328.2,361,159,7,3,0,0,0,1,1,0,6’591
29,2021,204,4’743,324,384,145,7,1,1,0,0,3,0,0,4’224
30,2012,195,12’888,984.3,871,318,21,3,0,0,0,7,0,1,9’215
30,2013,195,13’516,985.8,748,280,28,4,4,0,0,14,0,2,9’414
30,2014,192,12’751,991.2,630,253,18,4,2,0,0,10,0,2,8’440
30,2015,185,12’808,996.7,653,262,22,2,1,0,0,13,0,0,7’801
30,2016,193,13’192,1’045.50,576,218,15,4,0,0,0,13,0,2,7’059
30,2017,197,13’185,1’070.60,578,248,13,4,3,0,0,13,1,2,8’286
30,2018,197,13’568,1’094.30,584,225,16,3,0,0,0,6,0,0,7’947
30,2019,201,13’745,1’127.40,592,277,15,2,4,0,0,11,0,0,7’909
30,2020,208,12’199,961,540,257,25,2,0,0,0,3,0,0,8’267
30,2021,214,11’671,888.2,548,277,14,1,3,0,1,11,0,0,7’801
31,2012,674,10’719,685.4,978,370,30,6,7,0,0,14,0,0,13’899
31,2013,664,10’363,681.7,940,407,39,10,2,0,1,24,1,1,17’660
31,2014,657,10’239,674.3,904,352,24,6,2,0,0,17,0,1,14’912
31,2015,647,9’891,654.9,885,350,31,5,1,0,0,11,0,2,13’934
31,2016,634,9’957,656.9,801,333,37,7,1,0,0,12,1,1,14’734
31,2017,633,9’441,637.5,862,380,29,4,3,0,0,18,0,1,14’273
31,2018,626,9’189,627.1,781,334,26,5,1,0,0,7,0,1,12’091
31,2019,621,9’229,637.7,733,326,36,3,1,0,1,9,1,0,13’426
31,2020,617,9’279,627.4,700,322,33,7,0,0,0,9,0,0,12’865
31,2021,629,9’448,640.2,727,333,28,1,0,0,0,12,0,0,12’044
32,2012,2’147,22’748,1’582.60,823,305,13,5,2,1,0,18,0,0,11’727
32,2013,2’150,23’549,1’634.30,806,319,20,4,5,1,0,12,1,1,12’455
32,2014,2’179,23’778,1’681.20,839,321,25,6,3,0,0,20,1,0,13’018
32,2015,2’191,23’632,1’687.90,817,347,34,6,1,1,0,14,0,0,14’046
32,2016,2’220,25’006,1’833.10,812,321,26,8,2,0,1,19,0,0,12’237
32,2017,2’237,24’861,1’802.80,883,318,27,7,3,0,0,25,0,1,12’684
32,2018,2’253,24’437,1’854.50,796,330,26,4,2,0,0,17,0,1,11’229
32,2019,2’281,25’206,1’917.40,915,361,29,5,0,0,0,18,0,0,13’800
32,2020,2’262,25’098,1’946.30,676,268,20,3,0,0,1,13,2,0,9’937
32,2021,2’290,24’813,1’931.20,765,345,22,4,1,0,0,13,0,0,12’621
33,2012,1’764,16’226,1’145.20,1’629,507,57,10,1,0,1,15,0,0,24’961
33,2013,1’819,15’821,1’150.30,1’643,534,44,19,6,1,0,9,0,0,25’646
33,2014,1’866,15’288,1’159.40,1’603,524,61,11,4,0,0,14,0,0,26’818
33,2015,1’882,15’656,1’165.80,1’562,488,51,18,7,0,0,14,0,1,24’601
33,2016,1’935,15’565,1’180.30,1’535,530,49,13,7,1,1,9,0,0,24’073
33,2017,1’990,14’786,1’159.90,1’539,553,50,7,2,1,0,13,0,0,22’571
33,2018,2’040,15’802,1’215.30,1’534,544,60,8,6,0,0,9,0,1,24’200
33,2019,2’099,15’503,1’219.00,1’507,525,57,9,6,0,1,5,0,0,22’093
33,2020,2’100,17’769,1’387.90,1’550,612,68,12,4,0,1,8,0,0,24’511
33,2021,2’105,18’330,1’465.20,1’560,558,72,4,1,0,1,11,0,0,23’986
35,2012,647,28’419,2’382.90,1’594,613,55,5,4,0,1,22,0,5,21’186
35,2013,664,28’454,2’410.10,1’540,547,43,16,6,1,1,33,0,7,21’105
35,2014,678,28’420,2’462.00,1’528,593,57,7,1,0,2,30,0,1,22’676
35,2015,703,29’300,2’503.80,1’512,540,50,10,6,0,0,21,0,2,20’217
35,2016,716,28’958,2’606.10,1’441,592,39,6,7,1,0,22,0,4,18’537
35,2017,729,28’959,2’609.90,1’461,520,50,7,4,0,0,33,0,2,18’596
35,2018,733,27’826,2’623.40,1’481,585,49,6,3,0,0,29,0,7,20’168
35,2019,724,28’121,2’646.40,1’365,533,43,7,2,1,1,24,0,3,16’319
35,2020,738,29’854,2’741.80,1’307,483,39,7,0,0,1,18,0,4,17’650
35,2021,740,30’667,2’844.70,1’293,536,52,4,3,0,0,29,0,1,18’632
36,2012,308,1’840,141.1,119,41,2,1,3,0,0,0,0,0,1’797
36,2013,316,2’009,152.7,107,31,2,1,0,0,0,1,0,0,1’072
36,2014,316,2’065,157,150,56,5,0,0,0,0,0,0,0,2’072
36,2015,317,2’137,162,132,44,6,0,0,0,0,0,0,0,1’695
36,2016,321,2’188,170.4,148,54,3,1,0,0,0,0,0,0,1’516
36,2017,330,2’287,177.2,138,52,4,1,0,0,0,0,0,0,1’987
36,2018,332,2’379,176.5,138,50,10,0,0,0,0,1,0,0,2’763
36,2019,331,2’527,198.8,178,61,6,0,1,0,0,1,0,0,2’513
36,2020,332,2’473,200.6,148,58,11,1,0,0,0,0,0,0,3’007
36,2021,336,2’505,199.2,159,61,9,1,0,0,0,0,0,0,3’009
37,2012,512,4’366,334.7,499,243,19,7,2,0,0,5,0,0,10’630
37,2013,511,4’780,376.8,544,238,20,5,8,1,0,6,0,0,10’698
37,2014,511,4’857,384.3,464,210,24,3,3,0,0,1,0,0,10’208
37,2015,516,5’190,396.4,518,217,24,6,1,0,0,2,0,1,9’783
37,2016,513,5’494,417.2,534,274,29,2,2,0,0,6,1,0,12’065
37,2017,518,5’592,440.5,521,260,27,5,3,0,0,5,0,1,12’088
37,2018,527,5’937,452.2,561,279,21,5,4,0,0,2,0,0,11’470
37,2019,536,6’205,463.6,607,323,39,6,1,0,0,2,0,1,15’007
37,2020,529,6’047,475,542,264,28,7,5,0,0,19,0,0,13’320
37,2021,549,6’558,491.4,575,325,41,4,0,0,0,16,0,0,15’623
38,2012,660,10’630,764.6,1’366,621,74,7,2,0,0,10,1,0,29’661
38,2013,676,10’998,790.8,1’437,679,82,25,10,1,3,10,0,0,36’862
38,2014,693,11’327,803.8,1’528,707,79,18,10,0,3,5,0,0,33’883
38,2015,709,11’593,825.6,1’405,653,78,17,2,0,0,8,0,0,34’266
38,2016,717,11’479,846.8,1’402,653,66,18,9,1,0,12,0,0,32’388
38,2017,706,11’673,853.3,1’384,652,76,14,6,0,0,4,0,0,30’471
38,2018,712,11’810,851.5,1’419,678,68,13,10,1,0,5,0,0,29’682
38,2019,721,11’594,866.9,1’443,710,82,17,4,1,3,7,0,1,31’366
38,2020,734,11’639,866.3,1’388,679,75,22,3,2,1,10,0,0,34’314
38,2021,753,11’616,869,1’403,703,89,18,6,2,1,11,1,2,36’690
39,2012,29,223,17.3,33,18,0,0,0,0,0,0,0,0,518
39,2013,28,227,18.1,25,13,5,0,0,0,0,1,0,0,945
39,2014,27,215,16.3,34,12,1,1,0,0,0,0,0,0,698
39,2015,28,217,16.7,28,13,2,0,1,0,0,0,0,0,907
39,2016,31,223,17.5,47,23,2,0,0,0,0,0,0,0,1’340
39,2017,35,297,22.2,34,22,2,1,0,0,0,0,0,0,1’009
39,2018,32,289,21.2,52,31,7,1,1,0,0,0,0,0,1’661
39,2019,32,270,20.3,43,29,5,1,0,0,0,0,0,0,2’050
39,2020,32,267,20.4,36,23,2,1,0,0,0,1,0,0,1’430
39,2021,36,277,20.8,39,17,5,1,0,0,0,0,0,0,1’766
41,2012,5’880,84’892,6’149.10,15’450,7’831,982,274,126,7,13,139,5,2,446’988
41,2013,6’219,86’372,6’271.80,15’219,7’997,1’002,256,147,3,18,144,4,3,454’513
41,2014,6’600,87’406,6’356.60,14’613,7’855,1’070,258,138,5,10,114,3,3,451’182
41,2015,6’769,86’333,6’288.30,14’187,7’300,979,243,127,4,8,110,1,1,433’448
41,2016,7’026,86’807,6’395.70,13’776,7’429,1’054,248,119,3,14,96,4,1,449’780
41,2017,7’314,87’006,6’418.70,13’731,7’339,1’003,252,139,5,3,93,5,0,429’913
41,2018,7’492,86’960,6’458.80,13’467,7’381,1’047,234,108,4,9,89,3,2,436’877
41,2019,7’652,85’916,6’486.40,13’360,7’548,1’139,242,87,5,7,83,3,0,447’775
41,2020,7’784,84’865,6’526.40,12’133,7’071,1’055,229,69,4,3,81,1,4,441’860
41,2021,8’134,86’360,6’569.90,12’656,7’274,1’116,226,91,6,9,102,1,1,445’308
42,2012,782,20’363,1’485.90,2’946,1’446,170,36,19,1,6,33,0,0,67’516
42,2013,795,20’595,1’542.10,3’054,1’539,159,43,26,0,0,30,0,0,74’808
42,2014,809,21’105,1’585.50,3’006,1’557,168,34,16,0,3,33,0,1,75’684
42,2015,817,21’046,1’596.20,3’032,1’571,177,32,16,2,1,24,0,1,77’776
42,2016,798,21’249,1’629.60,2’921,1’497,190,30,17,2,4,25,2,0,74’076
42,2017,804,21’699,1’646.70,2’959,1’556,201,42,18,0,3,24,0,1,82’596
42,2018,804,21’998,1’675.50,2’913,1’655,194,46,27,2,6,16,1,0,79’035
42,2019,816,21’977,1’713.90,2’888,1’576,182,39,17,2,0,20,1,1,79’305
42,2020,817,22’108,1’727.80,2’857,1’582,185,37,12,1,1,23,2,0,80’749
42,2021,833,22’224,1’738.60,2’891,1’649,183,38,11,1,2,33,0,0,78’363
43,2012,27’818,197’885,12’692.10,35’402,15’958,1’701,401,178,11,13,306,21,36,769’446
43,2013,28’373,204’793,13’184.60,35’685,16’379,1’840,421,184,8,9,340,11,45,831’213
43,2014,28’810,210’584,13’584.90,35’964,16’885,2’025,450,183,6,16,367,16,42,876’347
43,2015,29’046,211’611,13’855.10,36’176,16’672,2’009,489,202,9,9,346,2,36,894’084
43,2016,29’507,214’670,14’208.60,36’307,17’507,2’255,520,218,10,11,475,15,37,946’100
43,2017,29’810,219’155,14’482.20,35’444,17’384,2’227,509,201,5,13,556,8,51,946’439
43,2018,30’297,222’477,14’863.30,35’863,17’773,2’298,454,182,7,8,597,7,54,950’374
43,2019,30’500,224’496,15’187.90,36’846,18’964,2’462,467,133,8,12,642,8,48,1’018’173
43,2020,30’866,225’349,15’515.20,34’215,18’121,2’489,523,135,7,8,627,13,51,1’030’841
43,2021,31’352,228’718,15’871.20,35’383,18’525,2’571,452,136,13,6,626,7,73,1’029’682
45,2012,11’443,78’512,4’539.40,7’864,2’601,224,54,24,1,0,56,2,4,104’389
45,2013,11’570,77’390,4’603.30,7’886,2’640,243,45,9,0,3,64,2,4,108’428
45,2014,11’665,79’378,4’688.60,7’647,2’577,234,46,10,0,4,54,0,4,105’533
45,2015,11’695,77’786,4’740.10,7’470,2’500,251,56,26,3,0,67,0,3,112’294
45,2016,11’846,80’285,4’916.10,7’459,2’680,261,47,26,1,0,91,0,5,113’850
45,2017,11’906,81’800,5’006.60,7’285,2’690,250,55,22,1,2,88,1,6,113’756
45,2018,11’944,82’780,5’125.20,7’317,2’815,252,38,18,1,0,84,2,4,115’493
45,2019,12’003,83’899,5’226.90,7’490,2’793,267,57,16,1,3,99,2,5,119’052
45,2020,12’025,82’436,5’247.30,6’763,2’709,257,45,14,0,2,83,0,1,117’037
45,2021,12’249,84’219,5’287.20,6’960,2’736,304,49,14,0,1,89,0,3,122’317
46,2012,20’588,220’231,16’321.90,9’051,3’822,376,71,24,3,5,61,1,3,158’864
46,2013,21’045,223’439,16’625.10,8’768,3’730,369,77,23,1,1,47,1,2,163’429
46,2014,21’390,223’179,16’778.50,8’769,3’757,378,75,26,0,4,48,3,1,167’753
46,2015,21’774,223’085,16’808.00,8’836,3’691,414,95,27,3,5,45,0,1,174’154
46,2016,21’737,228’851,17’827.30,8’589,3’685,360,87,44,0,4,49,3,3,164’532
46,2017,21’579,228’298,18’036.70,8’737,3’850,383,58,27,1,3,39,0,6,166’111
46,2018,21’435,226’624,18’166.40,8’626,3’952,390,68,21,4,3,35,1,2,169’664
46,2019,21’287,225’950,18’409.00,8’933,3’957,427,56,20,0,1,33,0,1,168’944
46,2020,21’113,228’839,18’740.30,7’889,3’803,459,64,14,1,1,58,0,2,175’936
46,2021,21’105,227’140,18’659.10,8’143,3’867,416,64,17,0,5,52,0,0,168’843
47,2012,27’606,246’469,13’957.70,12’960,6’089,526,102,27,2,2,76,1,1,236’280
47,2013,27’210,246’446,14’056.70,12’793,5’861,507,88,26,0,0,82,1,0,227’720
47,2014,26’922,245’334,14’129.90,12’628,5’765,448,83,22,2,0,64,0,2,218’676
47,2015,26’697,243’594,14’147.50,12’661,5’914,476,65,13,0,1,71,2,0,217’578
47,2016,26’401,241’558,14’253.30,12’454,5’826,466,81,28,0,1,51,0,0,216’518
47,2017,26’179,255’876,14’788.30,12’932,6’199,518,69,20,1,0,49,1,2,226’104
47,2018,25’896,255’164,14’944.70,13’059,6’289,520,82,18,0,1,51,2,2,228’425
47,2019,25’629,253’399,15’022.40,13’446,6’487,555,68,15,2,2,43,0,0,234’406
47,2020,25’419,249’387,15’121.00,12’109,6’010,538,73,11,2,0,83,0,0,224’510
47,2021,25’724,260’165,15’632.00,12’911,6’488,621,70,13,2,0,36,2,1,245’841
49,2012,5’846,96’542,7’415.40,8’464,4’403,594,130,59,4,11,66,1,6,239’024
49,2013,5’930,97’186,7’545.40,8’244,4’353,625,115,43,1,6,82,1,7,243’099
49,2014,6’003,99’387,7’764.40,8’138,4’300,629,125,61,5,8,79,2,6,248’646
49,2015,6’047,99’929,7’864.00,8’226,4’205,655,137,47,2,7,62,2,7,244’317
49,2016,6’107,102’627,8’101.20,8’274,4’386,647,127,41,1,8,77,0,14,256’881
49,2017,6’174,105’113,8’286.40,8’597,4’654,738,116,47,2,7,66,2,8,269’461
49,2018,6’165,106’688,8’413.00,8’701,4’769,708,147,29,1,8,54,1,6,271’028
49,2019,6’265,110’360,8’679.70,8’934,5’048,757,132,44,3,11,45,2,7,286’219
49,2020,6’240,108’984,8’811.40,8’109,4’676,745,146,26,3,9,54,1,7,277’737
49,2021,6’320,113’111,8’999.80,8’703,5’106,752,120,25,2,5,62,0,5,282’850
50,2012,149,2’958,207.7,198,91,14,1,1,1,0,6,0,2,4’412
50,2013,149,3’004,215.4,173,84,9,1,0,0,1,6,0,0,3’529
50,2014,151,3’190,232.9,181,78,11,1,2,1,0,3,1,1,3’516
50,2015,151,3’495,250.9,181,89,11,0,1,1,0,8,0,0,4’440
50,2016,160,3’728,273.2,187,89,19,4,0,0,2,19,0,1,4’543
50,2017,173,3’945,283.7,215,87,7,2,1,0,0,24,0,0,3’681
50,2018,173,4’483,298.6,218,102,16,1,0,0,1,23,0,1,4’102
50,2019,175,4’469,326.2,241,106,11,1,1,0,0,33,0,0,3’746
50,2020,166,4’400,326.7,153,69,15,1,0,0,0,19,0,0,4’325
50,2021,168,4’560,335.5,171,80,10,4,0,0,0,23,0,1,4’441
51,2012,168,10’922,817.3,345,162,13,1,1,0,0,2,0,0,5’429
51,2013,171,10’881,834.6,384,163,14,5,0,0,4,5,0,0,5’193
51,2014,175,11’523,869.4,398,187,21,3,1,0,0,5,0,1,6’711
51,2015,176,11’498,887.5,394,203,17,5,1,0,1,1,0,0,6’986
51,2016,174,11’782,946.4,453,237,18,2,0,0,0,13,0,0,7’815
51,2017,178,12’643,974.2,443,191,18,2,0,0,0,16,0,1,6’895
51,2018,182,13’415,1’020.40,592,287,26,3,1,0,1,26,1,2,9’041
51,2019,178,13’965,1’051.80,524,249,21,0,0,0,0,24,0,0,7’659
51,2020,175,12’383,1’022.30,276,139,19,2,0,0,0,5,0,2,5’061
51,2021,178,10’836,917.2,254,109,12,3,0,0,1,10,0,1,4’736
52,2012,1’281,34’857,2’495.50,2’253,1’198,121,28,7,0,1,10,0,0,56’098
52,2013,1’304,35’774,2’551.10,2’289,1’220,123,30,9,1,1,10,0,0,55’518
52,2014,1’345,36’095,2’551.10,2’276,1’313,134,25,9,0,1,10,0,0,59’556
52,2015,1’382,35’604,2’534.00,2’150,1’158,126,29,8,0,1,2,1,0,55’808
52,2016,1’414,36’521,2’626.00,2’095,1’151,128,25,10,2,1,10,1,0,55’523
52,2017,1’445,38’230,2’715.90,2’379,1’388,152,22,7,0,0,12,0,0,61’373
52,2018,1’470,39’249,2’812.70,2’514,1’458,149,26,10,0,0,2,0,0,63’470
52,2019,1’462,40’180,2’881.00,2’537,1’534,162,21,6,0,0,9,0,0,64’420
52,2020,1’486,39’307,2’851.90,2’010,1’276,158,31,9,0,1,2,0,0,61’369
52,2021,1’502,40’181,2’862.20,2’238,1’387,147,20,7,0,0,7,0,0,63’981
53,2012,346,41’121,2’896.90,3’148,1’785,200,35,14,0,0,7,0,1,81’044
53,2013,356,38’231,2’680.40,2’978,1’727,231,36,16,0,1,2,0,0,82’963
53,2014,363,35’480,2’478.50,2’633,1’563,169,35,9,0,0,3,0,0,71’208
53,2015,345,36’001,2’464.90,2’724,1’579,191,26,11,0,0,1,0,0,73’644
53,2016,361,36’835,2’534.30,2’676,1’593,191,41,12,0,1,2,0,0,72’916
53,2017,369,35’518,2’439.70,2’763,1’643,205,33,11,1,2,1,0,1,76’757
53,2018,367,34’786,2’402.60,2’738,1’685,199,35,17,0,1,7,0,0,75’115
53,2019,361,34’962,2’388.60,2’792,1’743,232,25,11,0,1,5,0,0,79’054
53,2020,358,34’952,2’404.90,2’646,1’739,208,36,8,1,0,2,0,0,82’226
53,2021,367,38’814,2’480.40,3’204,2’019,279,28,1,0,0,4,0,0,95’009
55,2012,5’263,60’910,3’013.80,4’655,1’972,115,18,4,1,0,11,0,0,55’529
55,2013,5’229,61’841,3’096.10,4’549,2’026,131,15,3,0,0,13,0,0,59’464
55,2014,5’235,61’847,3’162.90,4’634,2’049,143,14,5,1,0,6,0,0,59’893
55,2015,5’259,61’633,3’167.10,4’346,1’907,128,16,2,1,1,10,0,0,57’986
55,2016,5’223,60’872,3’156.30,4’394,1’967,133,18,3,0,0,8,0,0,61’211
55,2017,5’106,60’916,3’170.20,4’454,2’027,114,19,1,0,0,17,0,0,58’081
55,2018,5’133,61’920,3’233.30,4’573,2’156,145,20,3,1,0,5,0,0,61’781
55,2019,5’171,62’436,3’278.60,4’552,2’146,140,19,2,0,0,14,0,0,64’749
55,2020,5’100,55’996,3’016.60,3’176,1’550,111,17,1,0,0,8,0,0,51’980
55,2021,5’085,54’199,2’929.10,3’171,1’445,105,19,3,0,0,11,0,0,45’869
56,2012,22’932,95’693,4’973.10,7’960,4’216,330,57,10,1,0,67,1,0,154’935
56,2013,23’113,101’746,5’342.60,8’042,4’256,336,45,9,3,1,20,1,0,152’259
56,2014,23’383,105’804,5’657.50,8’275,4’388,346,56,12,0,2,19,0,0,155’898
56,2015,23’162,106’818,5’755.00,8’174,4’302,378,56,4,0,2,21,0,0,160’357
56,2016,23’523,106’438,5’888.80,8’191,4’327,365,69,5,0,1,20,0,0,163’214
56,2017,23’320,108’945,5’999.60,8’337,4’487,373,55,3,1,0,13,0,0,161’489
56,2018,23’097,111’567,6’112.70,8’291,4’494,380,53,3,0,0,22,0,0,160’333
56,2019,22’958,113’330,6’207.60,8’632,4’682,413,48,5,0,0,19,0,0,165’341
56,2020,22’585,105’254,5’932.80,6’397,3’589,378,54,3,0,2,36,0,0,147’060
56,2021,22’247,101’511,5’730.50,5’749,3’084,287,48,2,0,1,13,0,0,124’829
58,2012,1’137,14’247,1’102.70,208,69,8,1,0,0,0,1,0,0,2’933
58,2013,1’131,14’308,1’107.20,201,82,10,1,0,0,0,1,0,0,3’361
58,2014,1’127,14’178,1’148.90,179,63,4,1,0,0,0,0,0,0,2’638
58,2015,1’108,15’031,1’152.80,215,64,7,3,0,0,0,0,0,0,3’090
58,2016,1’109,12’977,1’078.90,175,59,8,1,1,0,0,0,0,0,2’809
58,2017,1’102,13’853,1’100.40,158,46,6,0,0,0,0,1,0,0,2’309
58,2018,1’090,12’027,1’061.50,145,51,9,0,0,0,0,0,0,0,2’908
58,2019,1’114,12’935,1’094.30,190,51,4,1,0,0,0,0,0,0,2’318
58,2020,1’085,12’794,1’097.40,130,45,7,1,0,0,0,0,0,0,2’453
58,2021,1’060,12’600,1’095.40,131,40,4,1,0,0,0,0,0,0,1’792
59,2012,1’316,4’256,323.8,134,49,3,0,0,0,0,0,0,0,1’426
59,2013,1’381,3’785,325.7,127,35,4,0,0,0,0,1,0,0,1’389
59,2014,1’441,3’879,330.3,123,31,6,0,0,0,0,0,0,0,1’398
59,2015,1’495,3’920,335.2,145,46,3,1,0,0,0,2,0,0,1’879
59,2016,1’543,4’530,342.8,152,44,8,0,0,0,0,1,0,0,2’096
59,2017,1’625,4’226,346.6,158,44,6,2,0,0,0,0,0,0,1’696
59,2018,1’667,4’411,351.5,146,47,4,0,0,0,0,0,0,0,2’004
59,2019,1’713,4’161,355.1,157,46,5,1,0,0,0,0,0,0,2’527
59,2020,1’760,4’231,345.9,118,33,3,1,0,0,0,0,0,0,1’735
59,2021,1’796,4’553,349.7,111,25,3,1,0,0,0,0,0,0,1’864
60,2012,128,7’740,727.1,136,44,4,0,1,0,0,2,0,0,1’721
60,2013,139,8’178,749.6,151,53,4,0,0,0,0,0,0,0,2’383
60,2014,141,8’398,752.3,166,48,3,0,0,0,0,2,0,0,2’067
60,2015,145,9’310,765.3,150,51,5,2,0,0,0,1,0,0,2’378
60,2016,127,9’174,767.7,122,32,4,1,0,0,0,0,0,0,1’281
60,2017,113,8’500,748.3,123,36,3,0,0,0,0,0,0,0,1’122
60,2018,100,7’666,762.5,134,43,3,0,0,0,0,1,0,0,1’659
60,2019,95,7’576,784.2,153,48,3,0,0,0,0,1,0,0,1’432
60,2020,88,7’028,734.3,102,32,4,2,0,0,0,0,0,0,1’782
60,2021,82,7’272,741.5,121,33,4,0,0,0,0,0,0,0,995
61,2012,361,26’418,2’340.80,450,177,8,3,1,0,0,0,0,0,5’197
61,2013,362,27’699,2’553.40,467,198,11,3,1,0,0,1,0,2,6’420
61,2014,378,28’137,2’566.50,475,186,22,3,0,0,1,3,0,0,7’863
61,2015,388,29’122,2’632.90,498,202,11,4,0,0,0,1,0,1,6’135
61,2016,394,28’905,2’739.50,471,174,13,3,1,0,0,4,0,0,7’260
61,2017,384,27’660,2’735.00,518,241,18,3,2,0,0,2,0,1,8’938
61,2018,372,26’719,2’651.30,501,215,20,1,1,0,0,1,0,0,8’145
61,2019,370,26’556,2’634.10,518,225,20,3,1,0,0,0,0,0,8’313
61,2020,359,25’245,2’615.00,404,186,12,2,1,1,0,1,0,0,7’244
61,2021,365,25’249,2’591.60,430,223,21,4,3,0,0,0,0,0,8’579
62,2012,11’082,75’950,6’759.60,626,163,14,2,1,0,0,3,0,0,5’511
62,2013,11’534,74’207,6’779.30,602,167,14,3,0,0,1,3,0,0,2’572
62,2014,12’020,77’552,7’044.30,676,186,11,2,0,0,0,3,0,0,6’380
62,2015,12’413,79’901,7’383.20,731,186,16,1,0,0,0,0,0,0,6’742
62,2016,12’669,81’166,7’957.30,724,181,21,1,1,0,0,2,0,0,6’992
62,2017,13’019,87’768,8’538.70,792,186,9,1,1,0,0,6,0,0,5’283
62,2018,13’448,88’984,8’879.00,818,225,15,1,0,0,0,0,0,0,6’807
62,2019,13’959,93’656,9’345.70,875,204,23,0,0,0,0,4,0,0,7’639
62,2020,14’402,94’784,9’855.40,697,180,25,3,1,0,0,3,0,0,8’958
62,2021,15’080,99’949,10’394.70,720,182,19,1,0,0,0,1,0,0,7’825
63,2012,666,6’106,517.2,76,39,5,0,0,0,0,0,0,0,1’332
63,2013,680,6’769,579.6,67,28,4,0,0,0,0,0,0,0,986
63,2014,743,7’298,619,75,14,2,1,0,0,1,0,0,0,638
63,2015,811,8’242,743.4,79,16,1,1,1,0,0,1,0,0,875
63,2016,862,9’144,856.1,90,19,3,1,0,0,0,0,0,0,730
63,2017,894,9’512,833.4,96,29,2,1,0,0,0,0,0,0,1’208
63,2018,963,10’382,953.7,76,13,0,0,0,0,0,0,0,0,1’030
63,2019,981,11’354,1’118.20,86,22,3,0,0,0,0,1,0,0,1’684
63,2020,1’016,13’911,1’338.20,80,25,3,0,0,0,0,1,0,0,1’391
63,2021,1’062,14’978,1’188.00,246,135,1,1,0,0,0,0,0,0,3’110
64,2012,3’257,147’649,13’431.00,1’366,391,35,7,2,0,0,4,0,0,16’641
64,2013,3’393,137’180,13’355.30,1’247,355,54,7,4,0,0,3,1,0,16’961
64,2014,3’592,137’885,13’415.50,1’262,327,28,14,2,0,0,4,1,0,15’308
64,2015,3’709,137’762,13’536.60,1’202,347,28,3,4,0,0,6,0,1,16’419
64,2016,3’800,115’725,12’031.70,1’127,342,34,6,5,0,2,7,0,0,16’378
64,2017,3’874,112’917,11’489.50,1’203,330,22,4,1,0,0,15,0,0,13’824
64,2018,3’972,109’322,11’572.30,1’045,281,33,6,2,0,1,20,0,0,11’643
64,2019,4’092,113’192,11’884.10,1’121,323,29,2,3,0,0,7,0,0,11’624
64,2020,4’255,113’275,11’929.10,813,246,30,2,1,0,0,3,0,1,9’497
64,2021,4’502,114’943,12’038.30,836,265,28,0,0,0,0,1,0,0,10’012
65,2012,814,69’333,5’690.90,1’219,534,50,11,2,0,0,10,0,0,23’210
65,2013,852,63’693,5’372.00,1’147,484,57,12,4,0,2,3,0,0,23’804
65,2014,879,78’089,6’698.50,1’770,457,47,11,2,0,1,4,0,0,20’516
65,2015,892,77’637,6’717.40,1’780,507,44,7,5,0,0,10,1,0,20’649
65,2016,887,77’368,6’959.00,1’902,535,53,4,3,2,0,9,0,0,23’321
65,2017,914,62’302,5’693.70,1’221,452,47,6,2,1,0,10,0,0,18’998
65,2018,937,62’115,5’790.30,1’091,398,35,9,1,0,0,1,0,1,18’731
65,2019,962,61’207,5’717.80,1’064,377,36,7,3,1,0,5,0,0,16’823
65,2020,864,63’591,5’878.20,974,389,46,8,4,0,1,19,1,0,18’823
65,2021,872,64’946,6’037.80,989,367,32,8,2,1,1,5,1,0,16’872
66,2012,6’548,42’839,3’667.40,501,154,21,4,0,0,0,3,0,0,8’613
66,2013,6’715,42’147,3’720.80,498,165,22,1,0,0,0,1,0,0,7’855
66,2014,7’032,44’274,3’830.50,478,183,17,3,3,0,0,0,0,0,7’577
66,2015,7’354,44’277,3’889.50,534,163,20,4,0,0,0,0,0,0,8’414
66,2016,7’578,44’838,4’242.00,491,152,14,1,0,0,0,1,0,0,6’156
66,2017,7’914,49’918,4’663.70,574,171,24,2,0,0,0,0,0,0,8’373
66,2018,8’148,50’422,4’962.90,570,176,24,2,0,0,0,2,0,0,7’820
66,2019,8’295,53’299,5’157.30,585,176,19,4,1,1,1,0,0,0,7’565
66,2020,8’355,57’147,5’386.90,508,162,24,4,0,0,0,1,0,0,8’990
66,2021,8’520,59’022,5’655.00,493,136,17,4,0,0,0,1,0,0,6’752
68,2012,14’319,48’208,3’191.80,2’947,1’112,119,24,13,0,2,32,1,2,50’955
68,2013,14’567,48’122,3’265.00,2’918,1’135,129,34,11,0,2,27,0,1,58’156
68,2014,15’272,50’595,3’364.50,2’628,1’057,132,24,10,2,2,14,0,1,55’029
68,2015,16’171,50’134,3’485.60,2’415,966,124,25,14,0,0,10,1,1,50’126
68,2016,16’920,49’447,3’520.90,2’233,934,116,29,9,0,2,15,0,0,47’550
68,2017,17’745,48’062,3’583.50,2’049,842,135,22,8,0,1,12,0,1,50’635
68,2018,18’446,47’198,3’608.40,2’041,821,101,24,10,0,0,11,0,0,45’137
68,2019,18’983,47’295,3’643.90,1’799,768,99,19,10,0,1,13,0,1,39’422
68,2020,19’344,49’207,3’737.30,1’699,770,118,19,3,0,0,46,2,0,42’658
68,2021,19’829,49’604,3’794.00,1’666,756,108,16,6,0,2,12,0,1,39’993
69,2012,13’539,68’767,5’434.10,1’295,341,28,3,0,0,1,3,0,0,10’931
69,2013,13’784,67’110,5’534.10,1’292,293,25,3,2,0,0,5,0,0,9’912
69,2014,14’044,68’130,5’520.80,1’023,289,23,1,0,0,0,3,0,0,8’785
69,2015,14’267,68’914,5’669.60,1’055,280,27,4,0,0,0,2,0,0,10’418
69,2016,14’456,67’057,5’915.20,1’115,283,27,1,2,0,0,3,0,0,10’506
69,2017,14’549,67’135,5’991.20,1’123,308,30,2,0,0,0,4,0,0,11’214
69,2018,14’732,67’856,6’360.70,1’225,337,39,6,0,0,0,1,0,0,14’185
69,2019,14’821,69’720,6’539.40,1’223,322,35,6,2,0,0,1,0,0,15’015
69,2020,14’950,71’167,6’651.90,1’155,422,30,5,0,0,0,134,0,0,14’235
69,2021,15’069,71’542,6’849.00,1’173,530,21,8,2,1,1,269,0,0,13’458
70,2012,11’248,98’632,7’099.10,2’051,857,55,10,3,0,0,11,0,0,25’676
70,2013,11’760,95’398,7’789.30,2’146,895,66,6,2,0,0,7,1,3,30’709
70,2014,12’615,100’503,7’929.00,2’056,839,81,11,3,0,2,8,0,0,32’485
70,2015,13’532,97’682,7’925.90,2’089,794,58,15,3,0,1,12,0,0,27’551
70,2016,14’371,115’843,10’505.80,2’160,793,62,14,1,0,0,9,0,0,27’887
70,2017,15’429,113’203,10’185.10,1’639,540,62,12,2,0,0,7,0,0,26’194
70,2018,16’652,112’064,10’367.40,1’744,541,41,9,2,0,0,5,0,0,25’358
70,2019,17’819,113’858,10’606.90,1’983,662,72,8,4,0,0,8,0,0,26’933
70,2020,18’655,109’909,10’383.70,1’699,697,75,17,0,0,1,106,0,0,30’862
70,2021,19’542,113’946,10’587.00,1’805,796,69,10,2,0,0,138,0,2,32’690
71,2012,16’382,93’572,7’283.20,2’883,891,87,11,4,0,2,27,0,1,38’844
71,2013,16’959,96’563,7’596.50,2’825,886,105,17,3,0,5,21,0,1,40’521
71,2014,17’542,100’430,7’870.00,2’792,818,113,22,13,0,3,17,1,1,45’408
71,2015,18’007,102’598,8’102.50,2’875,846,86,28,9,0,2,15,0,1,42’705
71,2016,18’377,107’904,8’604.10,2’904,951,106,24,12,0,5,20,0,3,45’802
71,2017,18’748,108’726,8’877.40,2’840,901,122,16,7,0,3,21,0,3,41’836
71,2018,18’916,110’032,9’172.90,2’976,999,123,18,6,2,0,25,0,2,44’231
71,2019,19’129,113’343,9’540.40,2’944,1’017,102,15,5,0,1,17,1,2,44’447
71,2020,19’323,114’632,9’753.50,2’778,991,137,23,7,0,0,16,0,1,54’630
71,2021,19’623,116’931,10’100.90,3’023,1’021,135,22,5,1,1,21,0,3,52’242
72,2012,994,19’668,1’795.70,372,106,7,2,1,0,0,7,0,0,4’299
72,2013,1’019,19’738,1’768.30,352,89,4,1,2,1,0,5,0,0,3’471
72,2014,1’108,19’662,1’806.20,365,88,9,0,0,0,0,2,0,0,3’128
72,2015,1’192,19’781,1’809.80,319,63,5,1,1,1,0,3,0,0,2’589
72,2016,1’308,21’360,1’991.00,370,83,7,3,2,0,1,6,0,0,3’931
72,2017,1’381,20’772,2’092.40,345,65,6,1,0,0,0,6,0,0,2’655
72,2018,1’458,22’070,2’176.50,352,88,8,0,0,0,0,2,0,0,3’131
72,2019,1’518,23’243,2’302.50,414,90,8,2,0,0,1,4,0,0,2’777
72,2020,1’618,24’725,2’466.80,362,78,7,1,0,0,0,15,0,0,3’411
72,2021,1’702,27’266,2’739.20,404,111,14,1,0,0,1,1,0,0,3’360
73,2012,3’937,20’334,1’393.70,519,195,32,7,1,0,0,1,0,0,13’538
73,2013,4’429,21’023,1’494.70,512,213,40,9,3,0,0,0,0,0,15’035
73,2014,4’332,21’673,1’598.30,487,195,27,7,6,0,0,1,0,0,12’907
73,2015,4’157,21’112,1’611.40,497,199,29,5,1,0,0,2,0,0,12’201
73,2016,3’840,20’090,1’570.60,482,192,35,9,0,0,0,1,0,0,12’453
73,2017,3’393,19’293,1’445.70,503,221,44,3,2,0,0,0,0,0,12’923
73,2018,3’171,17’627,1’369.50,445,179,20,3,1,0,0,2,0,0,7’502
73,2019,3’131,17’010,1’331.80,470,194,27,3,1,0,0,1,0,0,9’460
73,2020,3’176,16’924,1’315.30,336,146,27,3,1,0,0,0,0,0,8’658
73,2021,3’270,16’171,1’300.70,374,152,27,6,1,0,0,2,0,0,10’496
74,2012,4’750,12’926,867.9,395,130,16,2,2,0,0,2,0,1,6’759
74,2013,5’034,12’566,902.4,416,122,13,4,2,0,1,5,0,0,5’644
74,2014,5’376,13’348,946.6,421,142,12,1,0,0,0,3,0,0,5’918
74,2015,5’675,13’654,975.6,438,141,27,4,0,0,0,4,0,0,8’876
74,2016,5’940,14’168,1’026.90,461,165,17,4,0,0,0,1,0,0,7’974
74,2017,6’236,15’471,1’087.10,458,132,18,3,0,0,0,2,0,0,6’023
74,2018,6’455,16’204,1’136.40,483,163,19,1,1,0,0,3,0,0,7’467
74,2019,6’584,15’808,1’186.70,500,192,26,1,0,0,0,1,0,0,8’672
74,2020,6’698,15’455,1’208.60,437,153,22,6,2,0,0,1,0,0,8’774
74,2021,6’752,16’305,1’271.50,429,143,16,9,1,0,0,0,0,0,9’209
75,2012,896,2’616,166.4,291,81,6,1,0,0,0,2,0,0,2’561
75,2013,916,2’546,180.1,314,83,8,1,0,0,0,1,0,0,3’371
75,2014,929,2’977,190.1,320,87,10,0,0,0,0,5,0,0,3’474
75,2015,948,2’979,202.4,369,108,7,1,0,0,0,1,0,0,2’465
75,2016,944,3’139,216.5,397,99,8,0,0,0,0,2,0,0,2’817
75,2017,931,3’180,227.5,412,121,5,1,0,0,0,3,0,0,3’191
75,2018,976,4’202,250.8,471,105,12,0,0,0,0,1,0,0,2’685
75,2019,987,4’751,269.4,474,125,6,1,0,0,0,2,0,0,3’187
75,2020,1’003,4’533,287.1,503,126,4,1,0,0,0,1,0,0,2’586
75,2021,1’028,4’976,315.7,598,164,5,1,0,0,0,12,0,0,3’091
77,2012,951,5’862,408,491,229,27,3,2,0,0,1,0,0,10’571
77,2013,964,6’025,434.1,466,213,22,7,3,0,0,2,0,0,8’453
77,2014,1’037,6’228,468.3,459,186,27,6,2,0,0,2,0,0,10’656
77,2015,1’095,6’682,501.3,466,217,29,7,0,0,0,1,0,0,11’880
77,2016,1’165,7’003,532.7,473,231,29,4,1,0,0,1,0,0,13’323
77,2017,1’207,7’974,576.5,488,257,34,10,1,0,0,1,0,0,14’368
77,2018,1’253,8’316,616.4,534,268,34,7,2,1,0,1,0,0,13’845
77,2019,1’313,9’227,645.1,601,276,37,5,2,0,1,1,0,0,14’326
77,2020,1’373,8’627,628.8,439,218,36,7,0,0,0,5,0,0,13’264
77,2021,1’410,8’457,633.5,448,227,37,7,2,0,1,1,0,0,12’753
78,2012,2’476,81’803,4’842.80,13’606,7’940,1’007,272,77,5,2,77,1,0,458’542
78,2013,2’567,85’287,5’128.60,13’557,7’843,1’084,246,92,8,10,63,1,0,476’104
78,2014,2’697,86’278,5’366.70,13’404,7’829,1’125,292,83,5,5,55,1,0,488’777
78,2015,2’747,86’657,5’376.90,13’104,7’648,1’127,274,67,2,2,44,2,0,499’883
78,2016,2’686,88’248,5’529.30,13’058,7’986,1’237,342,72,8,9,59,0,0,534’798
78,2017,2’685,93’792,5’999.20,14’154,8’678,1’310,363,83,7,7,69,0,0,573’477
78,2018,2’716,103’439,6’582.40,15’855,10’075,1’588,359,72,3,2,89,0,0,641’568
78,2019,2’705,103’899,6’651.00,15’968,10’483,1’749,393,50,1,4,55,1,0,693’933
78,2020,2’695,94’871,6’195.70,13’077,8’870,1’660,404,51,4,4,270,1,0,675’390
78,2021,2’769,109’159,7’030.00,15’128,10’535,1’601,337,48,5,3,197,0,0,675’064
79,2012,1’814,11’818,702.6,358,140,9,2,1,0,0,3,0,0,5’012
79,2013,1’812,11’252,736,359,140,11,0,1,0,0,1,0,0,5’597
79,2014,1’834,11’579,777.3,379,160,24,5,1,0,0,0,0,0,8’442
79,2015,1’879,11’818,791.1,301,122,14,2,0,0,0,1,0,0,7’032
79,2016,1’882,12’079,787.9,289,95,19,2,0,0,0,0,0,0,6’751
79,2017,1’913,11’706,813.5,303,94,17,1,2,1,1,0,0,0,4’440
79,2018,1’923,12’975,876.6,307,128,19,1,0,0,1,1,0,0,5’535
79,2019,1’961,13’167,905.1,360,120,11,2,0,0,1,1,0,0,4’524
79,2020,1’951,11’460,823.7,189,84,14,1,0,0,0,0,0,0,3’288
79,2021,1’878,10’017,718.3,206,88,9,1,0,0,0,0,0,0,3’373
80,2012,701,12’078,779.5,961,504,65,13,1,0,0,2,0,0,25’537
80,2013,691,11’987,819,979,498,78,14,2,0,1,4,0,0,25’768
80,2014,692,12’354,852.4,952,490,74,12,1,0,1,5,0,0,25’997
80,2015,700,13’675,891.9,944,486,74,10,1,0,1,2,0,0,24’716
80,2016,705,14’184,947.1,1’010,525,76,14,3,1,0,4,0,0,28’095
80,2017,718,14’307,963.4,998,509,83,15,0,0,0,5,0,0,29’973
80,2018,717,15’044,992.2,986,529,65,16,3,0,0,3,0,0,30’137
80,2019,719,15’515,1’018.30,1’027,523,63,9,3,0,0,3,0,0,28’425
80,2020,731,16’730,1’042.70,931,534,79,10,3,0,2,2,0,0,26’245
80,2021,719,17’538,1’077.80,1’032,582,65,15,0,0,0,3,0,0,31’491
81,2012,51’048,63’495,3’716.20,7’325,3’843,456,90,16,0,3,33,1,0,183’047
81,2013,51’764,66’095,3’848.20,7’739,4’062,452,97,28,2,1,28,0,1,201’503
81,2014,52’488,68’888,3’991.60,7’954,4’167,554,102,16,2,0,23,0,1,217’660
81,2015,52’874,69’647,4’124.00,8’092,4’158,546,119,16,1,1,26,3,1,228’823
81,2016,53’390,71’730,4’287.80,8’198,4’361,577,118,31,0,2,35,0,0,237’140
81,2017,53’319,71’644,4’324.80,8’398,4’572,590,125,27,2,1,32,2,1,246’852
81,2018,53’355,74’137,4’470.70,8’525,4’673,633,122,21,2,1,36,0,0,256’007
81,2019,53’788,79’163,4’646.00,8’896,4’980,681,137,23,0,3,42,0,0,272’378
81,2020,54’327,80’198,4’784.30,8’227,4’773,662,115,14,1,2,42,0,3,260’843
81,2021,54’797,83’965,5’023.00,9’001,5’199,744,126,16,0,3,40,0,2,285’096
82,2012,1’709,14’027,915.9,445,205,20,1,0,0,0,4,0,0,8’708
82,2013,1’731,13’655,932.8,423,205,30,5,0,0,0,3,0,0,10’932
82,2014,1’762,13’891,975.9,413,188,18,2,0,0,0,1,0,0,8’794
82,2015,1’799,13’300,942.5,431,184,20,5,0,0,0,2,0,0,9’461
82,2016,1’845,13’266,980.2,405,192,20,4,0,0,0,3,0,0,10’266
82,2017,1’868,14’030,1’005.30,429,190,26,5,2,0,0,1,0,0,10’723
82,2018,1’901,15’317,1’054.90,449,193,15,3,0,0,0,2,0,0,8’366
82,2019,1’945,15’881,1’063.40,488,239,33,2,2,0,0,1,0,0,9’912
82,2020,1’994,15’926,1’061.40,385,193,22,3,1,0,0,2,0,0,9’354
82,2021,2’045,16’834,1’094.80,426,215,30,4,0,0,0,2,0,0,11’283
84,2012,5’442,383’506,33’945.10,16’588,4’737,443,61,21,0,2,169,2,3,183’866
84,2013,5’380,383’794,34’792.80,17’003,4’851,467,69,17,2,4,117,1,0,182’675
84,2014,5’359,371’792,33’907.90,16’186,4’700,460,52,18,0,5,97,1,1,179’799
84,2015,5’289,371’499,34’238.80,16’294,4’579,433,57,11,0,3,132,2,1,173’772
84,2016,5’233,379’145,35’259.00,16’093,4’677,483,58,23,1,2,128,0,1,188’918
84,2017,5’155,387’602,36’975.00,16’933,4’631,500,58,14,2,1,160,0,3,189’475
84,2018,5’097,388’480,37’194.00,17’535,5’089,504,59,24,3,2,239,1,1,196’145
84,2019,5’080,400’483,38’662.90,18’121,5’178,500,55,13,0,1,120,0,1,192’548
84,2020,5’057,393’986,38’434.60,15’595,4’810,452,54,9,0,1,698,0,2,180’555
84,2021,5’000,402’231,39’630.10,17’655,6’089,526,50,19,0,3,1’249,0,4,206’567
85,2012,7’146,101’272,7’028.80,3’750,1’094,101,10,4,0,0,18,0,1,40’921
85,2013,7’248,95’735,7’103.60,3’791,1’103,119,20,3,1,1,12,1,1,46’207
85,2014,7’459,97’257,7’248.70,3’882,1’098,96,11,2,0,0,13,0,0,43’990
85,2015,7’656,94’747,7’503.20,3’906,1’208,110,14,1,0,1,11,0,0,48’890
85,2016,7’890,98’129,8’033.70,3’992,1’201,123,11,3,1,0,15,0,1,47’677
85,2017,8’084,95’472,8’047.40,4’062,1’240,111,14,3,0,1,13,0,0,45’969
85,2018,8’292,98’396,8’240.90,3’922,1’133,110,14,3,0,0,10,0,1,46’041
85,2019,8’518,104’334,8’473.70,4’012,1’151,94,10,2,0,1,10,0,0,40’994
85,2020,8’729,104’652,8’628.30,3’194,982,108,12,2,0,1,32,0,1,40’684
85,2021,8’916,110’283,8’998.10,3’728,1’170,112,10,2,0,1,15,0,0,46’131
86,2012,22’435,186’837,13’844.40,12’012,2’233,186,30,7,0,0,498,0,0,81’973
86,2013,23’145,197’203,14’784.60,12’959,2’328,199,29,6,1,1,504,0,1,86’070
86,2014,23’954,207’623,15’487.50,13’500,2’435,193,28,3,0,1,650,0,0,87’682
86,2015,24’616,213’798,16’239.10,13’237,2’427,205,27,10,0,0,173,0,1,90’178
86,2016,25’181,224’515,17’357.20,14’945,2’760,224,31,5,0,1,697,0,0,103’204
86,2017,25’652,238’769,18’443.50,15’819,2’946,260,33,4,1,0,699,1,0,105’189
86,2018,26’415,241’614,18’685.90,16’169,3’164,268,33,8,0,0,801,2,0,119’762
86,2019,26’848,251’672,19’747.60,16’478,3’144,304,39,9,1,2,711,0,0,121’695
86,2020,27’176,252’353,20’624.70,23’432,6’452,312,38,4,0,1,7’867,0,0,167’964
86,2021,27’556,264’876,21’470.60,21’100,9’702,335,40,3,1,0,5’495,1,1,222’740
87,2012,3’486,121’124,7’386.10,7’455,2’684,200,27,6,1,0,17,1,0,88’890
87,2013,3’315,123’556,7’582.30,7’497,2’799,224,29,9,0,2,20,0,0,90’176
87,2014,3’188,127’147,7’964.80,7’920,2’974,219,29,5,1,0,26,0,1,97’279
87,2015,3’073,131’496,8’208.40,8’355,3’020,205,30,9,1,1,18,0,0,98’951
87,2016,2’996,132’884,8’304.80,8’502,3’225,233,27,8,0,2,21,1,0,99’577
87,2017,2’897,133’050,8’345.30,8’470,3’329,235,28,3,0,0,23,0,0,100’649
87,2018,2’849,134’467,8’372.40,8’628,3’329,230,20,6,0,0,19,0,0,101’716
87,2019,2’797,138’418,8’575.00,8’950,3’460,270,30,4,1,0,65,1,0,111’850
87,2020,2’747,137’173,8’849.10,12’860,5’546,233,29,5,0,1,4’281,0,0,140’568
87,2021,2’693,142’130,9’018.90,13’444,9’541,289,27,7,1,0,4’236,0,2,200’633
87,2012,3’862,48’742,2’835.60,3’116,1’015,70,10,0,0,0,4,0,0,30’996
88,2013,4’006,50’273,2’950.10,3’225,1’084,92,10,2,0,0,7,0,0,36’854
88,2014,4’151,52’494,3’081.50,3’199,1’154,85,12,0,0,0,9,0,0,35’149
88,2015,4’422,57’892,3’368.00,3’390,1’172,74,8,5,1,0,7,0,0,33’870
88,2016,4’618,58’470,3’535.10,3’584,1’295,94,9,4,0,0,4,1,0,37’386
88,2017,4’849,61’022,3’724.30,3’610,1’387,97,11,2,0,0,8,0,0,41’744
88,2018,5’083,70’073,4’051.20,3’812,1’463,128,15,1,0,1,9,0,0,49’592
88,2019,5’208,71’052,4’191.40,3’916,1’460,107,18,1,0,0,10,0,0,46’036
88,2020,5’290,69’495,4’241.70,3’549,1’347,97,18,3,0,0,77,0,0,44’930
88,2021,5’319,76’503,4’425.60,3’942,1’546,128,14,2,2,0,60,0,0,51’785
90,2012,3’529,6’545,493.7,636,209,29,2,0,0,0,4,0,1,10’019
90,2013,3’664,6’441,490.4,556,178,18,4,0,0,0,3,0,0,8’080
90,2014,3’861,7’352,510.1,612,179,28,2,1,0,0,1,1,0,9’689
90,2015,3’978,6’922,505.9,537,165,27,3,0,0,0,1,0,0,8’619
90,2016,4’058,7’017,512.8,552,173,14,3,0,0,0,14,0,0,8’228
90,2017,4’149,7’437,530.3,618,187,17,1,0,0,0,5,0,0,8’429
90,2018,4’169,7’560,547,557,170,19,2,2,0,0,3,0,0,7’943
90,2019,4’355,6’397,559.5,574,179,22,3,0,0,0,5,0,0,10’116
90,2020,4’344,5’778,566.7,352,122,13,3,0,0,0,2,1,0,6’672
90,2021,4’237,6’152,577.3,442,147,19,1,1,0,0,3,0,0,5’927
91,2012,538,3’524,241.2,163,53,6,0,0,0,0,0,0,1,2’218
91,2013,546,3’627,250,197,69,12,3,1,0,0,1,0,0,5’926
91,2014,534,3’744,261.2,156,49,6,1,0,0,0,0,0,0,1’843
91,2015,543,3’707,265.2,187,65,7,0,0,0,0,1,0,0,2’114
91,2016,544,3’719,278.3,205,82,6,1,0,0,0,1,0,0,2’563
91,2017,556,3’729,287.6,163,57,6,0,0,0,0,3,0,0,1’732
91,2018,580,3’932,299.6,195,53,2,0,0,0,0,0,0,0,1’368
91,2019,582,3’092,307.8,213,73,4,0,0,0,0,0,0,0,1’851
91,2020,581,3’902,308.4,163,61,5,1,0,0,0,2,0,0,1’868
91,2021,586,4’109,311.5,185,68,4,0,0,0,0,1,0,0,1’644
92,2012,49,2’717,185.9,65,31,4,0,0,0,0,0,0,0,1’996
92,2013,49,3’070,209.8,101,46,2,2,0,0,0,0,0,0,2’005
92,2014,48,2’881,200.2,79,40,3,1,0,0,0,1,0,0,2’076
92,2015,46,2’851,199.1,78,38,3,2,0,0,0,0,0,0,1’728
92,2016,41,2’842,193.5,84,35,0,0,0,0,0,0,0,0,902
92,2017,42,2’525,179.5,63,37,2,0,1,0,0,1,0,0,1’620
92,2018,41,2’515,181.7,85,38,2,0,0,0,0,0,0,0,890
92,2019,41,2’623,186.2,74,33,4,0,0,0,0,0,0,0,1’133
92,2020,44,2’630,187.3,44,17,0,1,0,0,0,0,0,0,694
92,2021,52,2’510,188.2,38,12,0,0,0,0,0,0,0,0,297
93,2012,4’650,16’667,1’118.50,4’517,1’616,186,24,0,0,0,5,0,0,72’870
93,2013,4’856,18’028,1’183.00,4’773,1’775,203,17,0,0,0,5,0,0,74’798
93,2014,5’141,18’827,1’257.90,4’726,1’838,171,23,1,0,0,1,0,0,76’755
93,2015,5’449,20’453,1’309.20,4’889,1’833,212,21,1,0,0,23,0,0,82’442
93,2016,5’746,20’786,1’439.70,5’046,2’075,248,18,0,0,1,4,0,0,90’270
93,2017,6’094,22’194,1’475.20,5’064,1’940,243,29,6,0,0,6,0,0,91’380
93,2018,6’449,23’796,1’562.40,5’343,2’193,247,33,1,0,2,4,0,0,100’587
93,2019,6’795,24’136,1’715.60,5’417,2’140,235,23,1,0,0,4,0,0,94’765
93,2020,6’974,24’608,1’721.10,4’282,1’842,218,23,2,0,0,2,0,0,86’234
93,2021,7’078,25’342,1’742.00,5’382,2’151,241,29,3,1,0,5,0,0,96’066
94,2012,8’496,56’537,3’782.70,1’803,578,52,8,0,0,3,11,0,1,24’396
94,2013,8’676,56’685,3’900.00,1’821,583,67,11,5,1,2,8,0,0,26’826
94,2014,8’925,56’058,4’005.20,1’799,588,73,8,3,1,1,9,0,0,28’447
94,2015,9’192,57’273,4’107.80,1’827,607,65,9,1,0,0,9,0,0,25’511
94,2016,9’412,58’935,4’376.70,1’930,642,52,7,3,0,1,11,0,0,25’608
94,2017,9’761,59’504,4’412.60,2’012,671,67,8,4,0,0,12,0,0,27’524
94,2018,9’990,57’844,4’482.80,2’110,676,62,8,1,0,1,16,0,1,25’878
94,2019,10’231,59’172,4’643.30,2’160,760,75,9,2,0,2,15,1,1,28’877
94,2020,10’474,61’942,4’777.40,2’140,736,74,8,1,1,0,283,0,1,30’325
94,2021,10’748,63’614,4’862.80,2’180,972,82,13,0,0,1,218,0,2,32’065
95,2012,773,2’322,146.5,146,52,5,2,0,0,0,2,0,0,2’418
95,2013,780,2’401,150.5,140,63,8,2,1,0,0,3,0,1,2’956
95,2014,795,2’419,153.1,122,40,2,1,0,0,0,0,0,0,1’818
95,2015,815,2’471,158.8,128,53,5,0,2,1,0,1,0,0,2’221
95,2016,809,2’451,155,130,49,9,1,0,0,0,0,0,0,1’914
95,2017,825,2’452,163.4,140,62,6,0,0,0,0,0,0,0,2’404
95,2018,820,2’489,164,144,58,10,1,1,0,0,2,0,0,2’983
95,2019,832,2’515,168,149,47,6,2,1,0,0,0,0,0,2’953
95,2020,830,2’633,181.1,133,57,4,1,0,0,0,0,0,0,2’587
95,2021,852,2’721,184.7,161,67,3,1,1,0,0,1,0,0,2’735
96,2012,7’640,26’371,1’090.80,949,426,38,9,1,0,0,51,0,0,25’097
96,2013,7’847,28’123,1’118.00,980,446,43,11,2,0,1,57,0,0,23’234
96,2014,8’047,29’051,1’167.90,1’072,468,44,11,2,0,0,65,0,0,26’028
96,2015,8’242,27’922,1’214.60,1’043,494,57,8,4,0,0,50,0,0,28’105
96,2016,8’407,28’126,1’234.80,1’065,489,50,6,1,0,0,50,0,0,26’639
96,2017,8’585,29’812,1’260.40,1’057,479,51,10,0,0,0,39,0,0,25’223
96,2018,8’796,28’739,1’296.00,1’068,522,48,8,0,0,0,24,0,0,26’133
96,2019,9’020,29’934,1’308.80,1’139,542,81,11,0,0,0,51,0,0,27’465
96,2020,9’202,27’745,1’316.30,978,467,59,14,3,0,0,65,0,1,27’688
96,2021,9’494,27’839,1’354.00,1’054,489,53,9,1,1,0,40,0,1,23’880
97,2012,152’753,26’094,1’197.00,714,269,53,9,0,0,0,0,0,0,19’348
97,2013,158’787,24’675,1’215.60,642,276,57,7,1,0,0,0,0,0,20’144
97,2014,167’363,28’835,1’255.90,656,251,54,13,0,0,1,1,0,0,23’507
97,2015,172’485,30’634,1’302.80,655,274,66,10,2,1,0,0,0,0,23’397
97,2016,176’894,28’174,1’338.10,684,258,50,13,1,0,1,2,0,0,21’578
97,2017,179’500,30’046,1’361.20,727,282,52,7,1,0,0,2,0,0,20’834
97,2018,183’132,32’616,1’393.30,715,287,53,10,2,0,0,1,0,0,23’557
97,2019,185’949,31’410,1’407.20,765,323,78,13,0,0,0,3,0,0,27’746
97,2020,194’958,35’965,1’486.80,764,345,62,20,1,0,2,1,0,0,28’586
97,2021,194’813,33’274,1’466.30,780,358,89,17,1,1,0,3,0,0,31’517
98,2012,15,2,0.1,1,0,0,0,0,0,0,0,0,0,0
98,2013,14,1,0.1,0,0,0,0,0,0,0,0,0,0,0
98,2014,15,2,0.1,0,0,0,0,0,0,0,0,0,0,0
98,2015,16,2,0.1,0,0,0,0,0,0,0,0,0,0,0
98,2016,18,3,0.1,0,0,0,0,0,0,0,0,0,0,0
98,2017,24,5,0.2,0,0,0,0,0,0,0,0,0,0,0
98,2018,33,9,0.4,0,0,0,0,0,0,0,0,0,0,0
98,2019,42,11,0.5,1,0,0,0,0,0,0,0,0,0,0
98,2020,51,15,0.6,1,0,0,0,0,0,0,0,0,0,0
98,2021,54,18,0.8,0,0,0,0,0,0,0,0,0,0,0
99,2012,110,1’672,133.9,29,11,2,1,0,0,0,0,0,0,988
99,2013,109,1’773,140.8,18,8,2,0,0,0,0,0,0,0,625
99,2014,118,1’964,146.9,21,6,0,0,0,0,0,0,0,0,81
99,2015,113,1’844,150.7,17,2,0,0,0,0,0,2,0,0,45
99,2016,115,1’862,158.4,29,4,0,0,0,0,0,1,0,0,138
99,2017,119,2’265,163.9,27,5,1,0,0,0,0,0,0,0,118
99,2018,117,2’357,171.9,37,8,1,0,0,0,0,2,0,0,302
99,2019,117,2’560,187.9,33,10,1,0,0,0,0,0,0,0,230
99,2020,114,2’556,191.2,19,10,1,0,0,0,0,0,0,0,320
99,2021,116,2’672,198.5,30,9,0,0,0,0,0,0,0,0,198
